{
    "experiment_name": "Qwen2.5-7B-Instruct-Q4_K_M.gguf_pqa_labeled",
    "metrics": {
        "cm": [
            [
                782,
                218
            ],
            [
                159,
                841
            ]
        ],
        "accuracy": 0.8115,
        "precision": 0.7941454202077431,
        "recall": 0.841,
        "f1": 0.8169014084507042,
        "abstention_rate": 0.0,
        "gpu_peak_memory_gb": 14.811546802520752,
        "fnr_difficulty": {
            "hard": 0.22794117647058823,
            "medium": 0.13836477987421383,
            "easy": 0.08029197080291971
        },
        "fnr_category": {
            "Incomplete Information": 0.24056603773584906,
            "Mechanism and Pathway Misattribution": 0.0,
            "Methodological and Evidence Fabrication": 0.0,
            "Misinterpretation of #Question#": 0.14361702127659576
        },
        "tpr_difficulty": {
            "hard": 0.7720588235294118,
            "medium": 0.8616352201257862,
            "easy": 0.9197080291970803
        },
        "tpr_category": {
            "Incomplete Information": 0.7594339622641509,
            "Mechanism and Pathway Misattribution": 1.0,
            "Methodological and Evidence Fabrication": 1.0,
            "Misinterpretation of #Question#": 0.8563829787234043
        }
    }
}